{
  "actors": [
    "Eli"
  ],
  "rolls": [
    {
      "name": "Eli",
      "rolls": {
        "session": {
          "1": 48,
          "2": 44,
          "3": 47,
          "4": 51,
          "5": 51,
          "6": 58,
          "7": 54,
          "8": 48,
          "9": 48,
          "10": 54,
          "11": 48,
          "12": 48,
          "13": 42,
          "14": 44,
          "15": 50,
          "16": 49,
          "17": 61,
          "18": 41,
          "19": 55,
          "20": 59
        },
        "lifetime": {
          "1": 48,
          "2": 44,
          "3": 47,
          "4": 51,
          "5": 51,
          "6": 58,
          "7": 54,
          "8": 48,
          "9": 48,
          "10": 54,
          "11": 48,
          "12": 48,
          "13": 42,
          "14": 44,
          "15": 50,
          "16": 49,
          "17": 61,
          "18": 41,
          "19": 55,
          "20": 59
        }
      },
      "stats": {
        "session": {
          "mean": 10.61799999999999,
          "n": 1000,
          "nat20s": 59,
          "nat1s": 48,
          "MD": 0.11799999999998967,
          "SD": 5.807564360711278,
          "lucky": "not lucky or unlucky"
        },
        "lifetime": {
          "mean": 10.61799999999999,
          "n": 1000,
          "nat20s": 59,
          "nat1s": 48,
          "MD": 0.11799999999998967,
          "SD": 5.807564360711278,
          "lucky": "not lucky or unlucky"
        }
      },
      "skills": {
        "session": {
          "untyped": 1000
        },
        "lifetime": {
          "untyped": 1000
        }
      }
    }
  ]
}